Data Source,World Development Indicators,,,,,,,,,,,,,,,,,,,,,,,,,,,,,,,,,,,,,,,,,,,,,,,,,,,,,,,,,,,,
,,,,,,,,,,,,,,,,,,,,,,,,,,,,,,,,,,,,,,,,,,,,,,,,,,,,,,,,,,,,,
Country Name,Country Code,Indicator Name,Indicator Code,1960,1961,1962,1963,1964,1965,1966,1967,1968,1969,1970,1971,1972,1973,1974,1975,1976,1977,1978,1979,1980,1981,1982,1983,1984,1985,1986,1987,1988,1989,1990,1991,1992,1993,1994,1995,1996,1997,1998,1999,2000,2001,2002,2003,2004,2005,2006,2007,2008,2009,2010,2011,2012,2013,2014,2015,2016,2017
Aruba,ABW,"Population, total",SP.POP.TOTL,0,0,0,0,0,0,0,0,0,0,0,0,0,0,0,0,0,0,0,0,0,0,0,0,0,0,0,0,0,0,0,0,0,0,0,0,0,0,0,0,0,0,0,0,0,0,0,0,0,0,0,2,102577,103187,103795,104341,104822,105000
Afghanistan,AFG,"Population, total",SP.POP.TOTL,0,0,0,0,0,0,0,0,0,0,0,0,0,0,0,0,0,0,0,0,0,0,0,0,0,0,0,0,0,0,0,0,0,1,1,1,1,1,1,1,1,1,1,1,1,1,4,4,5,7,7,7,30696958,31731688,32758020,33736494,34656032,35530000
Angola,AGO,"Population, total",SP.POP.TOTL,0,0,0,0,0,0,0,0,0,0,0,0,0,0,0,0,0,0,0,0,0,0,0,0,0,0,0,0,0,0,0,0,0,0,0,0,0,0,0,0,0,0,0,0,0,0,0,0,0,0,0,0,25096150,25998340,26920466,27859305,28813463,29784000
Albania,ALB,"Population, total",SP.POP.TOTL,0,0,0,0,0,0,0,0,0,0,0,0,0,0,0,0,0,0,0,0,0,0,0,0,0,0,0,0,0,0,0,0,0,0,0,0,0,0,0,0,0,0,0,0,0,0,0,2,10,12,23,33,2900401,2895092,2889104,2880703,2876101,2879000
Andorra,AND,"Population, total",SP.POP.TOTL,0,0,0,0,0,0,0,0,0,0,0,0,0,0,0,0,0,0,0,0,0,0,0,0,0,0,0,0,0,0,0,0,0,0,0,0,0,0,0,0,1,1,1,1,1,1,1,1,1,1,1,1,82431,80788,79223,78014,77281,77000
Arab World,ARB,"Population, total",SP.POP.TOTL,0,0,0,0,0,0,0,0,0,0,0,0,0,0,0,0,0,0,0,0,0,0,0,0,0,0,0,0,0,0,0,0,0,0,0,0,0,0,0,0,0,0,0,0,0,0,0,0,0,0,0,0,373306993,381702086,390043028,398304960,406452690,414481000
United Arab Emirates,ARE,"Population, total",SP.POP.TOTL,0,0,0,0,0,0,0,4,4,4,4,5,5,5,5,5,5,7,7,8,8,8,8,8,8,9,9,9,9,9,9,13,13,13,13,13,13,19,21,21,21,27,27,29,29,45,45,45,74,74,85,85,8900453,9006263,9070867,9154302,9269612,9400000
Argentina,ARG,"Population, total",SP.POP.TOTL,0,0,0,0,0,0,0,0,0,0,0,0,0,0,0,0,0,0,0,0,0,0,0,0,0,0,0,0,0,0,0,0,0,0,0,0,0,0,0,0,0,1,1,1,2,8,12,12,17,19,19,31,42096739,42539925,42981515,43417765,43847430,44271000
Armenia,ARM,"Population, total",SP.POP.TOTL,0,0,0,0,0,0,0,0,0,0,0,0,0,0,0,0,0,0,0,0,0,0,0,0,0,0,0,0,0,0,0,0,0,0,0,0,0,0,0,1,1,1,1,1,1,1,1,1,1,1,4,8,2881922,2893509,2906220,2916950,2924816,2930000
American Samoa,ASM,"Population, total",SP.POP.TOTL,0,0,0,0,0,0,0,0,0,0,0,0,0,0,0,0,0,0,0,0,0,0,0,0,0,0,0,0,0,0,0,0,0,0,0,0,0,0,0,0,0,0,0,0,0,0,0,0,0,0,0,0,55230,55307,55437,55537,55599,56000
Antigua and Barbuda,ATG,"Population, total",SP.POP.TOTL,0,0,0,0,0,0,0,0,0,0,0,0,0,0,0,0,0,0,0,0,0,0,0,0,0,0,0,0,0,0,0,0,0,0,0,0,0,0,0,0,0,0,0,0,0,0,0,0,0,0,0,1,96777,97824,98875,99923,100963,102000
Australia,AUS,"Population, total",SP.POP.TOTL,0,0,0,0,4,5,5,6,9,9,12,12,12,13,13,14,15,15,15,15,15,15,15,15,15,15,15,15,15,15,19,22,22,22,22,22,23,23,25,27,30,39,52,55,60,63,76,91,107,128,128,200,22728254,23117353,23460694,23789338,24127159,24446000
Austria,AUT,"Population, total",SP.POP.TOTL,0,0,0,0,0,0,0,0,0,0,0,0,0,0,0,0,0,0,0,0,0,0,0,0,0,0,0,0,0,0,0,0,0,0,2,2,3,3,9,14,18,21,29,41,55,79,104,131,182,246,302,504,8429991,8479375,8541575,8633169,8747358,8770000
Azerbaijan,AZE,"Population, total",SP.POP.TOTL,0,0,0,0,0,0,0,0,0,0,0,0,0,0,0,0,0,0,0,0,0,0,0,0,0,0,0,0,0,0,0,0,0,0,0,0,0,0,0,3,3,3,3,6,6,9,9,9,11,11,11,15,9295784,9416801,9535079,9649341,9762274,9868000
Burundi,BDI,"Population, total",SP.POP.TOTL,0,0,0,0,0,0,0,0,0,0,0,0,0,0,0,0,0,0,0,0,0,0,0,0,0,0,0,0,0,0,0,0,0,0,0,0,0,0,0,0,0,0,0,0,0,0,0,0,0,0,0,0,9319710,9600186,9891790,10199270,10524117,10864000
Belgium,BEL,"Population, total",SP.POP.TOTL,0,0,0,0,0,0,0,0,0,0,0,0,0,1,1,1,1,1,1,1,1,1,1,1,1,1,1,1,1,1,1,1,1,1,1,1,1,1,1,2,8,13,23,50,109,169,200,239,267,314,314,559,11128246,11182817,11209057,11274196,11348159,11416000
Benin,BEN,"Population, total",SP.POP.TOTL,0,0,0,0,0,0,0,0,0,0,0,0,0,0,0,0,0,0,0,0,0,0,0,0,0,0,0,0,0,0,0,0,0,0,0,0,0,0,0,0,0,0,0,0,0,0,0,0,0,0,0,0,9729160,10004451,10286712,10575952,10872298,11176000
Burkina Faso,BFA,"Population, total",SP.POP.TOTL,0,0,0,0,0,0,0,0,0,0,0,0,0,0,0,0,0,0,0,0,0,0,0,0,0,0,0,0,0,0,0,0,0,0,0,0,0,0,0,0,0,0,0,0,0,0,0,0,1,2,2,2,16571216,17072723,17585977,18110624,18646433,19193000
Bangladesh,BGD,"Population, total",SP.POP.TOTL,0,0,0,0,0,0,0,0,0,0,0,0,0,0,0,0,0,0,0,0,0,0,0,0,0,0,0,0,0,0,0,0,0,0,0,0,0,0,0,0,0,0,0,0,0,0,3,3,3,3,3,3,155727053,157571292,159405279,161200886,162951560,164670000
Bulgaria,BGR,"Population, total",SP.POP.TOTL,0,0,0,0,0,0,0,0,0,0,0,0,0,0,0,0,0,0,0,0,0,0,0,0,0,0,0,0,0,0,0,0,0,0,0,0,0,0,0,0,0,0,0,0,0,0,4,4,4,7,7,23,7305888,7265115,7223938,7177991,7127822,7075000
Bahrain,BHR,"Population, total",SP.POP.TOTL,0,0,0,0,0,0,0,0,0,0,0,0,0,0,0,0,0,0,0,0,0,0,0,0,0,0,0,0,0,0,0,0,0,1,23,33,33,36,41,47,49,49,52,55,60,85,85,95,110,195,195,189,1300217,1315411,1336397,1371855,1425171,1493000
"Bahamas, The",BHS,"Population, total",SP.POP.TOTL,0,0,0,0,0,0,0,0,0,0,0,0,0,0,0,0,0,0,0,0,0,0,0,0,0,0,0,0,0,0,0,0,0,0,0,0,0,0,0,0,0,0,0,0,0,0,0,0,0,0,0,0,372039,377240,382169,386838,391232,395000
Bosnia and Herzegovina,BIH,"Population, total",SP.POP.TOTL,0,0,0,0,0,0,0,0,0,0,0,0,0,0,0,0,0,0,0,0,0,0,0,0,0,0,0,0,0,0,0,0,0,0,0,0,0,0,0,0,0,0,0,2,2,3,3,3,5,7,11,13,3648200,3604999,3566002,3535961,3516816,3507000
Belarus,BLR,"Population, total",SP.POP.TOTL,0,0,0,0,0,0,0,0,0,0,0,0,0,0,0,0,0,0,0,0,0,0,0,0,0,0,0,0,0,0,0,0,0,0,0,0,0,1,1,1,1,1,6,6,6,6,6,6,9,9,12,27,9464495,9465997,9474511,9489616,9507120,9480000
Belize,BLZ,"Population, total",SP.POP.TOTL,0,0,0,0,0,0,0,0,0,0,0,0,0,0,0,0,0,0,0,0,0,0,0,0,0,0,0,0,0,0,0,0,0,0,0,0,0,0,0,0,0,0,0,0,0,0,0,0,0,0,0,0,336701,344181,351694,359288,366954,375000
Bermuda,BMU,"Population, total",SP.POP.TOTL,0,0,0,0,0,0,0,0,0,0,0,0,0,0,0,0,0,0,0,0,0,0,0,0,0,0,0,0,0,0,0,0,0,0,0,0,0,0,0,0,0,0,0,0,0,0,0,0,0,0,0,0,64798,65001,65139,65235,65331,
Bolivia,BOL,"Population, total",SP.POP.TOTL,0,0,0,0,0,0,0,0,0,0,0,0,0,0,0,0,0,0,0,0,0,0,0,0,0,0,0,0,0,0,0,0,0,0,0,0,0,0,0,0,0,0,0,0,0,0,0,0,0,2,2,3,10239004,10400264,10562159,10724705,10887882,11052000
Brazil,BRA,"Population, total",SP.POP.TOTL,0,0,0,0,0,0,0,0,0,0,0,0,0,0,0,0,0,0,0,0,0,0,0,0,0,0,0,0,0,0,0,0,0,0,0,1,1,1,2,2,2,2,4,4,13,13,20,25,31,38,52,151,200560983,202408632,204213133,205962108,207652865,209288000
Barbados,BRB,"Population, total",SP.POP.TOTL,0,0,0,0,0,0,0,0,0,0,0,0,0,0,0,0,0,0,0,0,0,0,0,0,0,0,0,0,0,0,0,0,0,0,0,0,0,0,0,0,0,0,0,0,0,0,0,0,0,0,0,0,281585,282509,283385,284217,284996,286000
Brunei Darussalam,BRN,"Population, total",SP.POP.TOTL,0,0,0,0,0,0,0,0,0,0,0,0,0,0,0,0,0,0,0,0,0,0,0,0,0,0,0,0,0,0,0,0,0,0,0,0,0,0,0,0,0,0,0,0,0,0,0,1,1,11,11,37,399748,405716,411704,417542,423196,429000
Bhutan,BTN,"Population, total",SP.POP.TOTL,0,0,0,0,0,0,0,0,0,0,0,0,0,0,0,0,0,0,0,0,0,0,0,0,0,0,0,0,0,0,0,0,0,0,0,0,0,0,0,0,0,0,0,0,1,1,1,1,1,1,1,1,752967,764961,776448,787386,797765,808000
Botswana,BWA,"Population, total",SP.POP.TOTL,0,0,0,0,0,0,0,0,0,0,0,0,0,0,0,0,0,0,0,0,0,0,0,0,0,0,0,0,0,0,0,0,0,0,0,0,0,0,0,0,0,0,0,0,0,0,0,0,0,0,0,0,2089315,2128507,2168573,2209197,2250260,2292000
Central African Republic,CAF,"Population, total",SP.POP.TOTL,0,0,0,0,0,0,0,0,0,0,0,0,0,0,0,0,0,0,0,0,0,0,0,0,0,0,0,0,0,0,0,0,0,0,0,0,0,0,0,0,0,0,0,0,0,0,0,0,0,0,0,0,4490416,4499653,4515392,4546100,4594621,4659000
Canada,CAN,"Population, total",SP.POP.TOTL,0,0,0,0,1,1,2,2,2,4,4,4,4,4,5,5,7,7,7,7,7,7,7,7,7,7,8,8,8,8,9,9,9,10,11,11,13,14,20,24,27,30,33,37,49,54,64,77,79,108,117,193,34750545,35155451,35544564,35848610,36286425,36613000
Central Europe and the Baltics,CEB,"Population, total",SP.POP.TOTL,0,0,0,0,0,0,0,0,0,0,0,0,0,0,0,0,0,0,0,0,0,0,0,0,0,0,0,0,0,0,0,0,0,0,0,0,0,0,0,0,0,0,0,0,0,0,0,0,0,0,0,0,103935318,103713726,103496179,103257751,102974082,102696000
Switzerland,CHE,"Population, total",SP.POP.TOTL,0,0,0,0,0,0,0,0,0,0,0,0,0,0,0,0,0,0,0,0,0,0,0,0,0,0,0,0,0,0,0,0,0,0,1,1,8,8,18,27,42,56,90,114,214,268,337,374,491,652,652,1139,7996861,8089346,8188649,8282396,8372098,8441000
Channel Islands,CHI,"Population, total",SP.POP.TOTL,0,0,0,0,0,0,0,0,0,0,0,0,0,0,0,0,0,0,0,0,0,0,0,0,0,0,0,0,0,0,0,0,0,0,0,0,0,0,0,0,0,0,0,0,0,0,0,0,0,0,0,0,161358,162180,162969,163758,164541,165000
Chile,CHL,"Population, total",SP.POP.TOTL,0,0,0,0,0,0,0,0,0,0,0,0,0,0,0,0,0,0,0,0,0,0,0,0,0,0,0,0,0,0,0,0,0,0,0,0,0,0,0,0,0,1,1,4,4,4,8,8,13,23,23,43,17309746,17462982,17613798,17762681,17909754,18055000
China,CHN,"Population, total",SP.POP.TOTL,548,643,920,1406,2075,2877,5509,6087,8141,9802,11891,16630,19716,23707,27440,30587,34110,36814,39829,42354,44386,44759,59895,66358,68413,70513,72434,74211,74619,75077,75550,77001,77022,77241,77754,78166,78600,78928,79356,79932,80136,80261,80386,80537,80690,80770,80823,80860,80887,80921,80932,80945,1350695000,1357380000,1364270000,1371220000,1378665000,1383981000
Cote d'Ivoire,CIV,"Population, total",SP.POP.TOTL,0,0,0,0,0,0,0,0,0,0,0,0,0,0,0,0,0,0,0,0,0,0,0,0,0,0,0,0,0,0,0,0,0,0,0,0,0,0,0,0,0,0,0,0,0,0,0,0,0,1,1,1,21418603,21966312,22531350,23108472,23695919,24295000
Cameroon,CMR,"Population, total",SP.POP.TOTL,0,0,0,0,0,0,0,0,0,0,0,0,0,0,0,0,0,0,0,0,0,0,0,0,0,0,0,0,0,0,0,0,0,0,0,0,0,0,0,0,0,0,0,0,1,1,2,2,2,2,2,2,21082383,21655715,22239904,22834522,23439189,24054000
"Congo, Dem. Rep.",COD,"Population, total",SP.POP.TOTL,0,0,0,0,0,0,0,0,0,0,0,0,0,0,0,0,0,0,0,0,0,0,0,0,0,0,0,0,0,0,0,0,0,0,0,0,0,0,0,0,0,0,0,0,0,0,0,0,0,1,1,2,68978682,71316033,73722860,76196619,78736153,81340000
"Congo, Rep.",COG,"Population, total",SP.POP.TOTL,0,0,0,0,0,0,0,0,0,0,0,0,0,0,0,0,0,0,0,0,0,0,0,0,0,0,0,0,0,0,0,0,0,0,0,0,0,0,0,0,0,0,0,0,0,0,0,0,0,0,0,0,4633363,4751393,4871101,4995648,5125821,5261000
Colombia,COL,"Population, total",SP.POP.TOTL,0,0,0,0,0,0,0,0,0,0,0,0,0,0,0,0,0,0,0,0,0,0,0,0,0,0,0,0,0,0,0,0,0,0,0,0,0,0,0,0,0,0,0,0,1,1,1,1,3,9,9,13,46881475,47342981,47791911,48228697,48653419,49066000
Comoros,COM,"Population, total",SP.POP.TOTL,0,0,0,0,0,0,0,0,0,0,0,0,0,0,0,0,0,0,0,0,0,0,0,0,0,0,0,0,0,0,0,0,0,0,0,0,0,0,0,0,0,0,0,0,0,0,0,0,0,0,0,0,723868,741500,759385,777424,795601,814000
Cabo Verde,CPV,"Population, total",SP.POP.TOTL,0,0,0,0,0,0,0,0,0,0,0,0,0,0,0,0,0,0,0,0,0,0,0,0,0,0,0,0,0,0,0,0,0,0,0,0,0,0,0,0,0,0,0,0,0,0,0,0,0,0,0,0,513979,520106,526437,532913,539560,546000
Costa Rica,CRI,"Population, total",SP.POP.TOTL,0,0,0,0,0,0,0,0,0,0,0,0,0,0,0,0,0,0,0,0,0,0,0,0,0,0,0,0,0,0,0,0,0,0,0,0,0,0,0,0,0,0,0,0,1,1,5,9,9,13,22,23,4654122,4706401,4757575,4807852,4857274,4906000
Caribbean small states,CSS,"Population, total",SP.POP.TOTL,0,0,0,0,0,0,0,0,0,0,0,0,0,0,0,0,0,0,0,0,0,0,0,0,0,0,0,0,0,0,0,0,0,0,0,0,0,0,0,0,0,0,0,0,0,0,0,0,0,0,0,0,7074129,7118888,7162679,7204948,7245472,7284000
Cuba,CUB,"Population, total",SP.POP.TOTL,0,0,0,0,0,0,0,0,0,0,0,0,0,0,0,0,0,0,0,0,0,0,0,0,0,0,0,0,0,0,0,0,0,0,0,0,0,0,0,0,0,0,0,0,0,0,0,0,0,0,3,4,11382146,11412167,11439767,11461432,11475982,11485000
Curacao,CUW,"Population, total",SP.POP.TOTL,0,0,0,0,0,0,0,0,0,0,0,0,0,0,0,0,0,0,0,0,0,0,0,0,0,0,0,0,0,0,0,0,0,0,0,0,0,0,0,0,0,0,0,0,0,0,0,0,0,0,0,0,152088,153822,155909,157979,159999,161000
Cayman Islands,CYM,"Population, total",SP.POP.TOTL,0,0,0,0,0,0,0,0,0,0,0,0,0,0,0,0,0,0,0,0,0,0,0,0,0,0,0,0,0,0,0,0,0,0,0,0,0,0,0,0,0,0,0,0,0,0,0,0,0,0,0,1,57523,58371,59172,59963,60765,62000
Cyprus,CYP,"Population, total",SP.POP.TOTL,0,0,0,0,0,0,0,0,0,0,0,0,0,0,0,0,0,0,0,0,0,0,0,0,0,0,0,0,0,0,0,0,0,0,0,0,0,0,0,0,0,0,0,0,0,0,0,2,3,6,6,14,1135062,1143896,1152309,1160985,1170125,1180000
Czech Republic,CZE,"Population, total",SP.POP.TOTL,0,0,0,0,0,0,0,0,0,0,0,0,0,0,0,0,0,0,0,0,0,0,0,0,0,0,0,0,0,0,0,0,0,0,0,0,0,0,0,3,3,5,8,12,18,19,31,31,41,91,94,141,10510785,10514272,10525347,10546059,10561633,10571000
Germany,DEU,"Population, total",SP.POP.TOTL,0,0,0,0,0,1,4,4,4,5,8,10,12,12,12,12,13,13,14,14,16,16,16,16,16,16,16,16,16,16,16,16,16,16,17,27,46,48,79,130,159,196,262,482,670,799,1040,1176,1457,1908,2078,3675,80425823,80645605,80982500,81686611,82667685,82581000
Djibouti,DJI,"Population, total",SP.POP.TOTL,0,0,0,0,0,0,0,0,0,0,0,0,0,0,0,0,0,0,0,0,0,0,0,0,0,0,0,0,0,0,0,0,0,0,0,0,0,0,0,0,0,0,0,0,0,0,0,0,0,0,0,0,881185,896688,912164,927414,942333,957000
Dominica,DMA,"Population, total",SP.POP.TOTL,0,0,0,0,0,0,0,0,0,0,0,0,0,0,0,0,0,0,0,0,0,0,0,0,0,0,0,0,0,0,0,0,0,0,0,0,0,0,0,0,0,0,0,0,0,0,0,0,0,0,0,0,72044,72400,72778,73162,73543,74000
Denmark,DNK,"Population, total",SP.POP.TOTL,0,0,0,0,0,0,0,0,0,0,0,0,0,0,0,0,0,0,0,0,0,0,0,0,0,0,0,0,0,0,0,0,0,0,0,0,1,1,3,4,4,6,11,11,24,24,37,92,264,444,617,804,5591572,5614932,5643475,5683483,5731118,5751000
Dominican Republic,DOM,"Population, total",SP.POP.TOTL,0,0,0,0,0,0,0,0,0,0,0,0,0,0,0,0,0,0,0,0,0,0,0,0,0,0,0,0,0,0,0,0,0,0,0,0,0,0,0,1,1,1,1,1,2,2,5,5,5,5,5,5,10154950,10281296,10405844,10528394,10648791,10767000
Algeria,DZA,"Population, total",SP.POP.TOTL,0,0,0,0,0,0,0,0,0,0,0,0,0,0,0,0,0,0,0,0,0,0,0,0,0,0,0,0,0,0,0,0,0,0,1,1,1,1,1,1,3,5,12,12,17,17,19,20,20,20,24,26,37565847,38338562,39113313,39871528,40606052,41318000
East Asia & Pacific (excluding high income),EAP,"Population, total",SP.POP.TOTL,0,0,0,0,0,0,0,0,0,0,0,0,0,0,0,0,0,0,0,0,0,0,0,0,0,0,0,0,0,0,0,0,0,0,0,0,0,0,0,0,0,0,0,0,0,0,0,0,0,0,0,0,1993008684,2007434775,2022021082,2036552598,2051431154,2064004000
Early-demographic dividend,EAR,"Population, total",SP.POP.TOTL,0,0,0,0,0,0,0,0,0,0,0,0,0,0,0,0,0,0,0,0,0,0,0,0,0,0,0,0,0,0,0,0,0,0,0,0,0,0,0,0,0,0,0,0,0,0,0,0,0,0,0,0,2996573424,3040240928,3083836360,3127290269,3170542188,3213167000
East Asia & Pacific,EAS,"Population, total",SP.POP.TOTL,0,0,0,0,0,0,0,0,0,0,0,0,0,0,0,0,0,0,0,0,0,0,0,0,0,0,0,0,0,0,0,0,0,0,0,0,0,0,0,0,0,0,0,0,0,0,0,0,0,0,0,0,2235430359,2250552199,2265898057,2281203360,2296786207,2309732000
Europe & Central Asia (excluding high income),ECA,"Population, total",SP.POP.TOTL,0,0,0,0,0,0,0,0,0,0,0,0,0,0,0,0,0,0,0,0,0,0,0,0,0,0,0,0,0,0,0,0,0,0,0,0,0,0,0,0,0,0,0,0,0,0,0,0,0,0,0,0,407706585,410126644,412510951,414975737,417424643,419152000
Europe & Central Asia,ECS,"Population, total",SP.POP.TOTL,0,0,0,0,0,0,0,0,0,0,0,0,0,0,0,0,0,0,0,0,0,0,0,0,0,0,0,0,0,0,0,0,0,0,0,0,0,0,0,0,0,0,0,0,0,0,0,0,0,0,0,0,894666669,898855113,903094668,907424836,911995305,914474000
Ecuador,ECU,"Population, total",SP.POP.TOTL,0,0,0,0,0,0,0,0,0,0,0,0,0,0,0,0,0,0,0,0,0,0,0,0,0,0,0,0,0,0,0,0,0,0,0,0,0,0,0,6,6,7,10,13,13,13,14,15,15,17,17,17,15419666,15661547,15903112,16144368,16385068,16625000
"Egypt, Arab Rep.",EGY,"Population, total",SP.POP.TOTL,0,0,0,0,0,0,0,0,0,0,0,0,0,0,0,0,0,0,0,0,0,0,0,1,1,1,1,1,1,1,1,1,1,1,1,1,1,1,1,2,2,2,2,3,15,15,49,55,59,60,67,80,87813257,89807433,91812566,93778172,95688681,97553000
Euro area,EMU,"Population, total",SP.POP.TOTL,0,0,0,0,0,0,0,0,0,0,0,0,0,0,0,0,0,0,0,0,0,0,0,0,0,0,0,0,0,0,0,0,0,0,0,0,0,0,0,0,0,0,0,0,0,0,0,0,0,0,0,0,336167296,337296873,338429646,339519210,340894606,341175000
Eritrea,ERI,"Population, total",SP.POP.TOTL,0,0,0,0,0,0,0,0,0,0,0,0,0,0,0,0,0,0,0,0,0,0,0,0,0,0,0,0,0,0,0,0,0,0,0,0,0,0,0,0,0,0,0,0,0,0,0,0,0,0,0,0,,,,,,
Spain,ESP,"Population, total",SP.POP.TOTL,0,0,0,0,0,0,0,0,0,0,1,1,1,1,1,1,1,1,2,2,2,2,2,2,2,2,2,2,2,2,2,2,2,2,6,13,15,32,45,84,120,165,222,259,400,500,673,1073,1695,2277,2277,5232,46773055,46620045,46480882,46447697,46443959,46460000
Estonia,EST,"Population, total",SP.POP.TOTL,0,0,0,0,0,0,0,0,0,0,0,0,0,0,0,0,0,0,0,0,0,0,0,0,0,0,0,0,0,0,0,0,0,0,0,0,1,1,1,1,1,2,2,3,10,10,10,10,12,16,16,79,1322696,1317997,1314545,1315407,1316481,1313000
Ethiopia,ETH,"Population, total",SP.POP.TOTL,0,0,0,0,0,0,0,0,0,0,0,0,0,0,0,0,0,0,0,0,0,0,0,0,0,0,0,0,0,0,0,0,0,0,0,0,0,0,0,0,0,0,0,0,0,0,0,0,0,0,0,1,92444183,94887724,97366774,99873033,102403196,104957000
European Union,EUU,"Population, total",SP.POP.TOTL,0,0,0,0,0,0,0,0,0,0,0,0,0,0,0,0,0,0,0,0,0,0,0,0,0,0,0,0,0,0,0,0,0,0,0,0,0,0,0,0,0,0,0,0,0,0,0,0,0,0,0,0,505104334,506592457,508157247,509703315,511497415,511990000
Fragile and conflict affected situations,FCS,"Population, total",SP.POP.TOTL,0,0,0,0,0,0,0,0,0,0,0,0,0,0,0,0,0,0,0,0,0,0,0,0,0,0,0,0,0,0,0,0,0,0,0,0,0,0,0,0,0,0,0,0,0,0,0,0,0,0,0,0,460228236,471253115,482474449,493919601,505635987,517571000
Finland,FIN,"Population, total",SP.POP.TOTL,0,0,0,0,0,0,0,1,1,1,1,1,1,1,1,1,1,1,1,1,1,1,1,1,1,1,1,1,1,1,1,1,1,1,1,2,2,2,3,6,6,6,6,12,15,15,23,30,40,59,59,155,5413971,5438972,5461512,5479531,5495096,5510000
Fiji,FJI,"Population, total",SP.POP.TOTL,0,0,0,0,0,0,0,0,0,0,0,0,0,0,0,0,0,0,0,0,0,0,0,0,0,0,0,0,0,0,0,0,0,0,0,0,0,0,0,0,0,0,0,0,0,0,0,0,0,0,0,0,873596,879715,885806,892149,898760,906000
France,FRA,"Population, total",SP.POP.TOTL,0,0,2,3,3,3,4,5,5,5,6,6,6,6,6,6,6,11,11,11,11,11,11,11,12,12,12,12,12,12,12,12,12,12,14,18,38,57,100,130,191,204,288,380,656,952,1129,1212,1787,2284,2284,3667,65659790,65998570,66331957,66624068,66896109,67143000
Faroe Islands,FRO,"Population, total",SP.POP.TOTL,0,0,0,0,0,0,0,0,0,0,0,0,0,0,0,0,0,0,0,0,0,0,0,0,0,0,0,0,0,0,0,0,0,0,0,0,0,0,0,0,0,0,0,0,0,0,0,0,0,0,0,0,48666,48747,48842,48965,49117,49000
"Micronesia, Fed. Sts.",FSM,"Population, total",SP.POP.TOTL,0,0,0,0,0,0,0,0,0,0,0,0,0,0,0,0,0,0,0,0,0,0,0,0,0,0,0,0,0,0,0,0,0,0,0,0,0,0,0,0,0,0,0,0,0,0,0,0,0,0,0,0,103503,103702,104015,104433,104937,106000
Gabon,GAB,"Population, total",SP.POP.TOTL,0,0,0,0,0,0,0,0,0,0,0,0,0,0,0,0,0,0,0,0,0,0,0,0,0,0,0,0,0,0,0,0,0,0,0,0,0,0,0,0,0,0,0,0,0,0,0,0,0,0,0,0,1756817,1817271,1875713,1930175,1979786,2025000
United Kingdom,GBR,"Population, total",SP.POP.TOTL,0,0,0,0,0,0,0,0,0,2,2,2,2,2,2,2,3,3,3,8,8,9,9,9,9,9,9,9,9,9,9,9,9,13,13,13,15,20,23,36,40,51,86,116,164,207,274,322,384,459,459,801,63700300,64128226,64613160,65128861,65637239,66013000
Georgia,GEO,"Population, total",SP.POP.TOTL,0,0,0,0,0,0,0,0,0,0,0,0,0,0,0,0,0,0,0,0,0,0,0,0,0,0,0,0,0,0,0,0,0,0,0,1,1,1,1,3,3,3,3,4,4,4,13,15,15,24,24,25,3825000,3776000,3727000,3717100,3719300,3715000
Ghana,GHA,"Population, total",SP.POP.TOTL,0,0,0,0,0,0,0,0,0,0,0,0,0,0,0,0,0,0,0,0,0,0,0,0,0,0,0,0,0,0,0,0,0,0,0,0,0,0,0,0,0,0,0,0,0,0,0,0,0,0,0,0,25733049,26346251,26962563,27582821,28206728,28834000
Gibraltar,GIB,"Population, total",SP.POP.TOTL,0,0,0,0,0,0,0,0,0,0,0,0,0,0,0,0,0,0,0,0,0,0,0,0,0,0,0,0,0,0,0,0,0,0,0,0,0,0,0,0,0,0,0,0,0,0,0,0,0,0,0,0,33623,33831,34038,34228,34408,35000
Guinea,GIN,"Population, total",SP.POP.TOTL,0,0,0,0,0,0,0,0,0,0,0,0,0,0,0,0,0,0,0,0,0,0,0,0,0,0,0,0,0,0,0,0,0,0,0,0,0,0,0,0,0,0,0,0,0,0,0,0,0,0,0,1,11281469,11536615,11805509,12091533,12395924,12717000
"Gambia, The",GMB,"Population, total",SP.POP.TOTL,0,0,0,0,0,0,0,0,0,0,0,0,0,0,0,0,0,0,0,0,0,0,0,0,0,0,0,0,0,0,0,0,0,0,0,0,0,0,0,0,0,0,0,0,0,0,0,0,0,0,0,0,1802125,1859324,1917852,1977590,2038501,2101000
Guinea-Bissau,GNB,"Population, total",SP.POP.TOTL,0,0,0,0,0,0,0,0,0,0,0,0,0,0,0,0,0,0,0,0,0,0,0,0,0,0,0,0,0,0,0,0,0,0,0,0,0,0,0,0,0,0,0,0,0,0,0,0,0,0,0,0,1638139,1681495,1725744,1770526,1815698,1861000
Equatorial Guinea,GNQ,"Population, total",SP.POP.TOTL,0,0,0,0,0,0,0,0,0,0,0,0,0,0,0,0,0,0,0,0,0,0,0,0,0,0,0,0,0,0,0,0,0,0,0,0,0,0,0,0,0,0,0,0,0,0,0,0,0,0,0,0,1038593,1083746,1129424,1175389,1221490,1268000
Greece,GRC,"Population, total",SP.POP.TOTL,0,0,0,0,0,0,0,0,0,0,0,0,0,0,0,0,0,0,0,0,0,0,0,0,0,0,0,0,0,0,0,0,0,0,0,1,3,4,4,7,7,7,9,31,45,46,73,73,89,99,99,190,11045011,10965211,10892413,10820883,10746740,10726000
Grenada,GRD,"Population, total",SP.POP.TOTL,0,0,0,0,0,0,0,0,0,0,0,0,0,0,0,0,0,0,0,0,0,0,0,0,0,0,0,0,0,0,0,0,0,0,0,0,0,0,0,0,0,0,0,0,0,0,0,0,0,0,0,0,105481,105909,106360,106823,107317,108000
Greenland,GRL,"Population, total",SP.POP.TOTL,0,0,0,0,0,0,0,0,0,0,0,0,0,0,0,0,0,0,0,0,0,0,0,0,0,0,0,0,0,0,0,0,0,0,0,0,0,0,0,0,0,0,0,0,0,0,0,0,0,0,0,0,56810,56483,56295,56114,56186,
Guatemala,GTM,"Population, total",SP.POP.TOTL,0,0,0,0,0,0,0,0,0,0,0,0,0,0,0,0,0,0,0,0,0,0,0,0,0,0,0,0,0,0,0,0,0,0,0,0,0,0,0,0,0,0,0,0,0,0,0,0,0,0,0,0,15271056,15596214,15923559,16252429,16582469,16914000
Guam,GUM,"Population, total",SP.POP.TOTL,0,0,0,0,0,0,0,0,0,0,0,0,0,0,0,0,0,0,0,0,0,0,0,0,0,0,0,0,0,0,0,0,0,0,0,0,0,0,0,0,0,0,0,0,0,0,0,0,0,0,0,0,159973,160375,160967,161797,162896,164000
Guyana,GUY,"Population, total",SP.POP.TOTL,0,0,0,0,0,0,0,0,0,0,0,0,0,0,0,0,0,0,0,0,0,0,0,0,0,0,0,0,0,0,0,0,0,0,0,0,0,0,0,0,0,0,0,0,0,0,0,0,0,0,1,1,753091,758081,763393,768514,773303,778000
High income,HIC,"Population, total",SP.POP.TOTL,0,0,0,0,0,0,0,0,0,0,0,0,0,0,0,0,0,0,0,0,0,0,0,0,0,0,0,0,0,0,0,0,0,0,0,0,0,0,0,0,0,0,0,0,0,0,0,0,0,0,0,0,1161900127,1168843771,1175966521,1182929820,1190029421,1195272000
"Hong Kong SAR, China",HKG,"Population, total",SP.POP.TOTL,0,0,0,0,0,0,0,0,0,0,0,0,0,0,0,0,0,0,0,0,0,0,0,0,0,0,0,0,0,0,0,0,0,0,0,0,0,0,0,0,0,0,0,0,0,0,0,0,0,0,0,0,7154600,7187500,7241700,7305700,7346700,7406000
Honduras,HND,"Population, total",SP.POP.TOTL,0,0,0,0,0,0,0,0,0,0,0,0,0,0,0,0,0,0,0,0,0,0,0,0,0,0,0,0,0,0,0,0,0,0,0,0,0,0,0,0,0,0,0,0,0,0,0,0,0,2,2,2,8505646,8657785,8809216,8960829,9112867,9265000
Heavily indebted poor countries (HIPC),HPC,"Population, total",SP.POP.TOTL,0,0,0,0,0,0,0,0,0,0,0,0,0,0,0,0,0,0,0,0,0,0,0,0,0,0,0,0,0,0,0,0,0,0,0,0,0,0,0,0,0,0,0,0,0,0,0,0,0,0,0,0,666488623,685401960,704745420,724482652,744602976,765113000
Croatia,HRV,"Population, total",SP.POP.TOTL,0,0,0,0,0,0,0,0,0,0,0,0,0,0,0,0,0,0,0,0,0,0,0,0,0,0,0,0,0,0,0,0,0,0,1,3,3,5,6,7,7,9,10,10,11,12,12,12,14,19,19,32,4267558,4255689,4238389,4203604,4170600,4155000
Haiti,HTI,"Population, total",SP.POP.TOTL,0,0,0,0,0,0,0,0,0,0,0,0,0,0,0,0,0,0,0,0,0,0,0,0,0,0,0,0,0,0,0,0,0,0,0,0,0,0,0,0,0,0,0,0,0,0,0,0,0,0,0,0,10289210,10431776,10572466,10711061,10847334,10981000
Hungary,HUN,"Population, total",SP.POP.TOTL,0,0,0,0,0,0,0,0,0,0,0,0,0,0,0,0,0,0,0,0,0,0,0,0,0,0,0,0,0,0,0,0,0,0,0,0,0,0,0,0,0,0,2,2,2,4,7,9,9,13,13,19,9920362,9893082,9866468,9843028,9817958,9785000
IBRD only,IBD,"Population, total",SP.POP.TOTL,0,0,0,0,0,0,0,0,0,0,0,0,0,0,0,0,0,0,0,0,0,0,0,0,0,0,0,0,0,0,0,0,0,0,0,0,0,0,0,0,0,0,0,0,0,0,0,0,0,0,0,0,4517416870,4562691125,4607807731,4652578287,4697247117,4738332000
IDA & IBRD total,IBT,"Population, total",SP.POP.TOTL,0,0,0,0,0,0,0,0,0,0,0,0,0,0,0,0,0,0,0,0,0,0,0,0,0,0,0,0,0,0,0,0,0,0,0,0,0,0,0,0,0,0,0,0,0,0,0,0,0,0,0,0,5955531931,6033914681,6112778045,6191917218,6271593092,6348082000
IDA total,IDA,"Population, total",SP.POP.TOTL,0,0,0,0,0,0,0,0,0,0,0,0,0,0,0,0,0,0,0,0,0,0,0,0,0,0,0,0,0,0,0,0,0,0,0,0,0,0,0,0,0,0,0,0,0,0,0,0,0,0,0,0,1438115061,1471223556,1504970314,1539338931,1574345975,1609750000
IDA blend,IDB,"Population, total",SP.POP.TOTL,0,0,0,0,0,0,0,0,0,0,0,0,0,0,0,0,0,0,0,0,0,0,0,0,0,0,0,0,0,0,0,0,0,0,0,0,0,0,0,0,0,0,0,0,0,0,0,0,0,0,0,0,474993526,486261860,497751634,509396383,521159393,532893000
Indonesia,IDN,"Population, total",SP.POP.TOTL,0,0,0,0,0,0,0,0,0,0,0,0,0,0,0,0,0,0,0,0,0,0,0,0,0,0,0,0,0,0,0,0,0,0,0,0,0,0,0,0,2,2,2,2,4,4,6,19,27,34,34,69,248883232,252032263,255131116,258162113,261115456,263991000
IDA only,IDX,"Population, total",SP.POP.TOTL,0,0,0,0,0,0,0,0,0,0,0,0,0,0,0,0,0,0,0,0,0,0,0,0,0,0,0,0,0,0,0,0,0,0,0,0,0,0,0,0,0,0,0,0,0,0,0,0,0,0,0,0,963121535,984961696,1007218680,1029942548,1053186582,1076857000
Isle of Man,IMN,"Population, total",SP.POP.TOTL,0,0,0,0,0,0,0,0,0,0,0,0,0,0,0,0,0,0,0,0,0,0,0,0,0,0,0,0,0,0,0,0,0,0,0,0,0,0,0,0,0,0,0,0,0,0,0,0,0,0,0,0,81406,82013,82590,83167,83737,84000
India,IND,"Population, total",SP.POP.TOTL,0,0,0,0,0,0,0,0,1,1,1,2,3,3,3,3,3,3,3,3,3,3,3,3,3,3,3,3,3,3,3,3,3,3,3,3,3,3,3,3,5,5,28,30,31,34,39,43,56,62,73,82,1263065852,1278562207,1293859294,1309053980,1324171354,1339180000
Not classified,INX,"Population, total",SP.POP.TOTL,0,0,0,0,0,0,0,0,0,0,0,0,0,0,0,0,0,0,0,0,0,0,0,0,0,0,0,0,0,0,0,0,0,0,0,0,0,0,0,0,0,0,0,0,0,0,0,0,0,0,0,0,,,,,,
Ireland,IRL,"Population, total",SP.POP.TOTL,0,0,0,0,0,0,0,0,0,0,0,0,0,0,0,0,0,0,0,0,0,0,0,0,0,0,0,0,0,0,0,0,0,0,0,0,0,0,1,1,1,2,6,6,18,18,19,21,34,43,43,90,4586897,4598294,4617225,4676835,4773095,4815000
"Iran, Islamic Rep.",IRN,"Population, total",SP.POP.TOTL,0,0,0,0,0,0,0,0,0,0,0,0,0,0,0,0,0,0,0,0,0,0,0,0,0,0,0,0,2,5,18,28,43,61,95,139,245,388,593,978,1501,2336,2922,3513,4747,5823,6566,7161,8042,9000,10075,11364,76453574,77435384,78411092,79360487,80277428,81163000
Iraq,IRQ,"Population, total",SP.POP.TOTL,0,0,0,0,0,0,0,0,0,0,0,0,0,0,0,0,0,0,0,0,0,0,0,0,0,0,0,0,0,0,0,0,0,1,1,5,7,7,13,19,26,32,35,35,40,54,60,60,71,71,71,101,32776571,33883145,35006080,36115649,37202572,38275000
Iceland,ISL,"Population, total",SP.POP.TOTL,0,0,0,0,0,0,0,0,0,0,0,0,0,0,0,0,0,0,0,0,0,0,0,0,0,0,0,0,0,0,0,0,0,0,0,0,0,1,1,3,6,11,26,34,43,50,50,58,69,85,103,134,320716,323764,327386,330815,334252,337000
Israel,ISR,"Population, total",SP.POP.TOTL,0,0,0,0,0,0,0,0,0,0,0,0,0,0,0,0,0,0,0,0,0,0,0,0,0,0,0,0,0,0,1,1,1,1,1,2,3,4,7,10,10,12,15,20,37,43,61,61,83,109,131,161,7910500,8059500,8215700,8380100,8547100,8682000
Italy,ITA,"Population, total",SP.POP.TOTL,0,0,0,0,0,0,0,0,0,2,2,2,2,2,2,2,3,3,3,3,3,3,3,3,3,3,3,3,3,3,20,62,155,229,322,453,655,888,1128,1694,2036,2502,3089,3858,4636,5883,7375,9172,10149,12462,12462,17660,59539717,60233948,60789140,60730582,60600590,60570000
Jamaica,JAM,"Population, total",SP.POP.TOTL,0,0,0,0,0,0,0,0,0,0,0,0,0,0,0,0,0,0,0,0,0,0,0,0,0,0,0,0,0,0,0,0,0,0,0,0,0,0,0,0,0,0,0,0,0,0,0,0,0,1,2,8,2840992,2851807,2862087,2871934,2881355,2890000
Jordan,JOR,"Population, total",SP.POP.TOTL,0,0,0,0,0,0,0,0,0,0,0,0,0,0,0,0,0,0,0,0,0,0,0,0,0,0,0,0,0,0,0,0,0,0,0,0,0,0,0,0,0,1,1,1,1,1,1,1,1,1,1,1,7992573,8413464,8809306,9159302,9455802,9702000
Japan,JPN,"Population, total",SP.POP.TOTL,2,1,2,2,4,4,7,7,11,15,20,20,20,22,22,45,25,25,26,26,26,28,28,29,43,59,66,74,84,94,105,122,147,159,170,189,214,228,241,256,274,293,331,360,420,461,502,511,581,639,639,701,127629000,127445000,127276000,127141000,126994511,126641000
Kazakhstan,KAZ,"Population, total",SP.POP.TOTL,0,0,0,0,0,0,0,0,0,0,0,0,0,0,0,0,0,0,0,0,0,0,0,0,0,0,0,0,0,0,0,0,0,0,0,0,0,0,0,0,0,0,0,0,0,0,0,0,0,0,0,4,16791425,17035275,17289224,17544126,17797032,17996000
Kenya,KEN,"Population, total",SP.POP.TOTL,0,0,0,0,0,0,0,0,0,0,0,0,0,0,0,0,0,0,0,0,0,0,0,0,0,0,0,0,0,0,0,0,0,0,0,0,0,0,0,0,0,0,0,0,0,0,0,0,0,0,0,1,43646629,44826849,46024250,47236259,48461567,49700000
Kyrgyz Republic,KGZ,"Population, total",SP.POP.TOTL,0,0,0,0,0,0,0,0,0,0,0,0,0,0,0,0,0,0,0,0,0,0,0,0,0,0,0,0,0,0,0,0,0,0,0,0,0,0,0,0,0,0,0,0,0,0,0,0,0,0,0,0,5607200,5719600,5835500,5956900,6082700,6173000
Cambodia,KHM,"Population, total",SP.POP.TOTL,0,0,0,0,0,1,1,1,1,1,1,1,1,1,1,1,1,1,1,1,1,1,1,1,1,1,1,1,1,1,1,1,1,1,1,1,1,1,1,1,1,1,1,1,1,1,2,2,2,3,3,5,14776866,15022692,15270790,15517635,15762370,16005000
Kiribati,KIR,"Population, total",SP.POP.TOTL,0,0,0,0,0,0,0,0,0,0,0,0,0,0,0,0,0,0,0,0,0,0,0,0,0,0,0,0,0,0,0,0,0,0,0,0,0,0,0,0,0,0,0,0,0,0,0,0,0,0,0,0,106613,108535,110458,112407,114395,116000
St. Kitts and Nevis,KNA,"Population, total",SP.POP.TOTL,0,0,0,0,0,0,0,0,0,0,0,0,0,0,0,0,0,0,0,0,0,0,0,0,0,0,0,0,0,0,0,0,0,0,0,0,0,0,0,0,0,0,0,0,0,0,0,0,0,0,0,0,52591,53169,53739,54288,54821,55000
"Korea, Rep.",KOR,"Population, total",SP.POP.TOTL,1,1,2,2,3,4,4,4,4,11,12,15,15,16,19,23,24,24,25,27,28,28,28,28,28,29,30,31,31,104,204,433,602,833,977,1261,1766,2337,3150,3736,4335,5186,5621,6088,6593,7041,7314,7478,7513,7755,7869,7979,50199853,50428893,50746659,51014947,51245707,51439000
Kuwait,KWT,"Population, total",SP.POP.TOTL,0,0,0,0,0,0,0,0,0,0,0,0,0,0,0,0,0,0,0,0,0,0,0,0,0,0,0,0,0,0,0,0,0,1,11,26,43,45,45,45,56,56,56,58,58,61,64,64,69,72,80,80,3395556,3598385,3782450,3935794,4052584,4137000
Latin America & Caribbean (excluding high income),LAC,"Population, total",SP.POP.TOTL,0,0,0,0,0,0,0,0,0,0,0,0,0,0,0,0,0,0,0,0,0,0,0,0,0,0,0,0,0,0,0,0,0,0,0,0,0,0,0,0,0,0,0,0,0,0,0,0,0,0,0,0,583515410,590319145,597035363,603644865,610136397,616508000
Lao PDR,LAO,"Population, total",SP.POP.TOTL,0,0,0,0,0,0,0,0,0,0,0,0,0,0,0,0,0,0,0,0,0,0,0,0,0,0,0,0,0,0,0,0,0,0,0,0,0,0,0,0,0,0,0,0,0,0,0,0,0,0,0,0,6415169,6494557,6576397,6663967,6758353,6858000
Lebanon,LBN,"Population, total",SP.POP.TOTL,0,0,0,0,0,0,0,0,0,0,0,0,0,0,0,0,0,0,0,0,0,0,0,0,0,0,0,0,0,0,1,1,1,1,1,2,2,2,4,10,13,13,13,16,22,22,32,32,41,61,61,77,4916404,5276102,5603279,5851479,6006668,6082000
Liberia,LBR,"Population, total",SP.POP.TOTL,0,0,0,0,0,0,0,0,0,0,0,0,0,0,0,0,0,0,0,0,0,0,0,0,0,0,0,0,0,0,0,0,0,0,0,0,0,0,0,0,0,0,0,0,0,0,0,0,0,0,0,0,4181563,4286291,4390737,4499621,4613823,4732000
Libya,LBY,"Population, total",SP.POP.TOTL,0,0,0,0,0,0,0,0,0,0,0,0,0,0,0,0,0,0,0,0,0,0,0,0,0,0,0,0,0,0,0,0,0,0,0,0,0,0,0,0,0,0,0,0,0,0,0,0,0,0,0,0,6198258,6195970,6204108,6234955,6293253,6375000
St. Lucia,LCA,"Population, total",SP.POP.TOTL,0,0,0,0,0,0,0,0,0,0,0,0,0,0,0,0,0,0,0,0,0,0,0,0,0,0,0,0,0,0,0,0,0,0,0,0,0,0,0,0,0,0,0,0,0,0,0,0,0,0,0,0,174835,175660,176421,177206,178015,179000
Latin America & Caribbean,LCN,"Population, total",SP.POP.TOTL,0,0,0,0,0,0,0,0,0,0,0,0,0,0,0,0,0,0,0,0,0,0,0,0,0,0,0,0,0,0,0,0,0,0,0,0,0,0,0,0,0,0,0,0,0,0,0,0,0,0,0,0,610545003,617492351,624331830,631058524,637664490,644134000
Least developed countries: UN classification,LDC,"Population, total",SP.POP.TOTL,0,0,0,0,0,0,0,0,0,0,0,0,0,0,0,0,0,0,0,0,0,0,0,0,0,0,0,0,0,0,0,0,0,0,0,0,0,0,0,0,0,0,0,0,0,0,0,0,0,0,0,0,890423474,912093996,934192321,956631108,979387925,1002483000
Low income,LIC,"Population, total",SP.POP.TOTL,0,0,0,0,0,0,0,0,0,0,0,0,0,0,0,0,0,0,0,0,0,0,0,0,0,0,0,0,0,0,0,0,0,0,0,0,0,0,0,0,0,0,0,0,0,0,0,0,0,0,0,0,591576162,607987351,624759914,641858608,659272676,677007000
Liechtenstein,LIE,"Population, total",SP.POP.TOTL,0,0,0,0,0,0,0,0,0,0,0,0,0,0,0,0,0,0,0,0,0,0,0,0,0,0,0,0,0,0,0,0,0,0,0,0,0,0,0,0,0,0,1,1,1,1,1,1,1,1,1,1,36545,36834,37127,37403,37666,38000
Sri Lanka,LKA,"Population, total",SP.POP.TOTL,0,0,0,0,0,1,1,1,1,1,1,1,1,1,1,1,1,1,1,1,1,1,1,1,1,1,1,1,1,1,1,1,1,1,1,1,1,1,1,1,1,1,1,1,1,1,1,1,1,2,2,6,20425000,20585000,20771000,20966000,21203000,21302000
Lower middle income,LMC,"Population, total",SP.POP.TOTL,0,0,0,0,0,0,0,0,0,0,0,0,0,0,0,0,0,0,0,0,0,0,0,0,0,0,0,0,0,0,0,0,0,0,0,0,0,0,0,0,0,0,0,0,0,0,0,0,0,0,0,0,2841934571,2884574006,2927194316,2970020158,3012923806,3055354000
Low & middle income,LMY,"Population, total",SP.POP.TOTL,0,0,0,0,0,0,0,0,0,0,0,0,0,0,0,0,0,0,0,0,0,0,0,0,0,0,0,0,0,0,0,0,0,0,0,0,0,0,0,0,0,0,0,0,0,0,0,0,0,0,0,0,5935500538,6014016344,6093019655,6172290592,6252106157,6328725000
Lesotho,LSO,"Population, total",SP.POP.TOTL,0,0,0,0,0,0,0,0,0,0,0,0,0,0,0,0,0,0,0,0,0,0,0,0,0,0,0,0,0,0,0,0,0,0,0,0,0,0,0,0,0,0,0,0,0,0,0,0,0,0,0,0,2089928,2117361,2145785,2174645,2203821,2233000
Late-demographic dividend,LTE,"Population, total",SP.POP.TOTL,0,0,0,0,0,0,0,0,0,0,0,0,0,0,0,0,0,0,0,0,0,0,0,0,0,0,0,0,0,0,0,0,0,0,0,0,0,0,0,0,0,0,0,0,0,0,0,0,0,0,0,0,2208049607,2221689409,2235382535,2248927194,2262709895,2273459000
Lithuania,LTU,"Population, total",SP.POP.TOTL,0,0,0,0,0,0,0,0,0,0,0,0,0,0,0,0,0,0,0,0,0,0,0,0,0,0,0,0,0,0,0,0,0,0,0,0,0,1,1,1,1,1,1,1,1,1,1,1,1,3,3,6,2987773,2957689,2932367,2904910,2872298,2856000
Luxembourg,LUX,"Population, total",SP.POP.TOTL,0,0,0,0,0,0,0,0,0,0,0,0,0,0,0,0,0,0,0,0,0,0,0,0,0,0,0,0,0,0,0,0,0,0,0,0,0,0,1,1,1,1,1,1,2,2,3,3,5,7,19,34,530946,543360,556319,569604,582972,590000
Latvia,LVA,"Population, total",SP.POP.TOTL,0,0,0,0,0,0,0,0,0,0,0,0,0,0,0,0,0,0,0,0,0,0,0,0,0,0,0,0,0,0,0,0,0,0,0,0,0,0,0,0,1,1,1,1,1,1,2,6,8,10,10,17,2034319,2012647,1993782,1977527,1960424,1950000
"Macao SAR, China",MAC,"Population, total",SP.POP.TOTL,0,0,0,0,0,0,0,0,0,0,0,0,0,0,0,0,0,0,0,0,0,0,0,0,0,0,0,0,0,0,0,0,0,0,0,0,0,0,0,0,0,0,0,0,0,0,0,0,0,0,0,0,562531,575841,588781,600942,612167,623000
St. Martin (French part),MAF,"Population, total",SP.POP.TOTL,0,0,0,0,0,0,0,0,0,0,0,0,0,0,0,0,0,0,0,0,0,0,0,0,0,0,0,0,0,0,0,0,0,0,0,0,0,0,0,0,0,0,0,0,0,0,0,0,0,0,0,0,30959,31264,31530,31754,31949,
Morocco,MAR,"Population, total",SP.POP.TOTL,0,0,0,0,0,0,0,0,0,0,0,0,0,0,0,0,0,0,0,0,0,0,0,0,0,0,0,0,0,0,0,0,0,0,0,0,0,0,0,0,1,1,1,2,2,2,2,2,3,5,6,7,33333789,33824769,34318082,34803322,35276786,35740000
Monaco,MCO,"Population, total",SP.POP.TOTL,0,0,0,0,0,0,0,0,0,0,0,0,0,0,0,0,0,0,0,0,0,0,0,0,0,0,0,0,0,0,0,0,0,0,0,0,0,0,1,1,1,1,1,1,1,1,1,1,1,1,2,2,37783,37971,38132,38307,38499,39000
Moldova,MDA,"Population, total",SP.POP.TOTL,0,0,0,0,0,0,0,0,0,0,0,0,0,0,0,0,0,0,0,0,0,0,0,0,0,0,0,0,0,0,0,0,0,0,0,0,0,0,0,0,0,0,0,0,0,0,1,1,3,3,3,6,3559519,3558566,3556397,3554108,3552000,3544000
Madagascar,MDG,"Population, total",SP.POP.TOTL,0,0,0,0,0,0,0,0,0,0,0,0,0,0,0,0,0,0,0,0,0,0,0,0,0,0,0,0,0,0,0,0,0,0,0,0,0,0,0,0,0,0,0,0,0,0,0,0,0,0,0,0,22346573,22961146,23589801,24234088,24894551,25571000
Maldives,MDV,"Population, total",SP.POP.TOTL,0,0,0,0,0,0,0,0,0,0,0,0,0,0,0,0,0,0,0,0,0,0,0,0,0,0,0,0,0,0,0,0,0,0,0,0,0,0,0,0,0,0,0,0,0,0,4,4,6,8,8,9,385000,393000,401000,409163,417492,423000
Middle East & North Africa,MEA,"Population, total",SP.POP.TOTL,0,0,0,0,0,0,0,0,0,0,0,0,0,0,0,0,0,0,0,0,0,0,0,0,0,0,0,0,0,0,0,0,0,0,0,0,0,0,0,0,0,0,0,0,0,0,0,0,0,0,0,0,404782447,412950407,421022841,428961724,436720722,444255000
Mexico,MEX,"Population, total",SP.POP.TOTL,0,0,0,0,0,0,0,0,0,0,0,0,0,0,0,0,0,0,0,0,0,0,0,0,0,0,0,0,0,0,0,0,0,0,0,0,0,1,4,5,5,5,5,5,6,6,7,7,7,8,12,12,120828307,122535969,124221600,125890949,127540423,129163000
Marshall Islands,MHL,"Population, total",SP.POP.TOTL,0,0,0,0,0,0,0,0,0,0,0,0,0,0,0,0,0,0,0,0,0,0,0,0,0,0,0,0,0,0,0,0,0,0,0,0,0,0,0,0,0,0,0,0,0,0,0,0,0,0,0,0,52663,52793,52898,52994,53066,53000
Middle income,MIC,"Population, total",SP.POP.TOTL,0,0,0,0,0,0,0,0,0,0,0,0,0,0,0,0,0,0,0,0,0,0,0,0,0,0,0,0,0,0,0,0,0,0,0,0,0,0,0,0,0,0,0,0,0,0,0,0,0,0,0,0,5343924376,5406028993,5468259741,5530431984,5592833481,5651718000
"Macedonia, FYR",MKD,"Population, total",SP.POP.TOTL,0,0,0,0,0,0,0,0,0,0,0,0,0,0,0,0,0,0,0,0,0,0,0,0,0,0,0,0,0,0,0,0,0,0,0,1,1,1,1,1,1,1,1,1,3,3,3,3,7,7,7,14,2074036,2075739,2077495,2079308,2081206,2083000
Mali,MLI,"Population, total",SP.POP.TOTL,0,0,0,0,0,0,0,0,0,0,0,0,0,0,0,0,0,0,0,0,0,0,0,0,0,0,0,0,0,0,0,0,0,0,0,0,0,0,0,0,0,0,0,0,0,0,0,0,0,0,0,0,16006670,16477818,16962846,17467905,17994837,18542000
Malta,MLT,"Population, total",SP.POP.TOTL,0,0,0,0,0,0,0,0,0,0,0,0,0,0,0,0,0,0,0,0,0,0,0,0,0,0,0,0,0,0,0,0,0,0,0,0,0,0,0,0,0,0,0,0,0,3,3,3,5,6,6,12,419455,423374,427364,431874,436947,439000
Myanmar,MMR,"Population, total",SP.POP.TOTL,0,0,0,0,0,0,0,0,0,0,0,0,0,0,0,0,0,0,0,0,0,0,0,0,0,0,0,0,0,0,0,0,0,0,0,0,0,0,0,0,0,0,0,0,0,0,0,0,0,0,0,0,50986514,51448196,51924182,52403669,52885223,53371000
Middle East & North Africa (excluding high income),MNA,"Population, total",SP.POP.TOTL,0,0,0,0,0,0,0,0,0,0,0,0,0,0,0,0,0,0,0,0,0,0,0,0,0,0,0,0,0,0,0,0,0,0,0,0,0,0,0,0,0,0,0,0,0,0,0,0,0,0,0,0,348195697,354641044,361077997,367449306,373719055,379891000
Montenegro,MNE,"Population, total",SP.POP.TOTL,0,0,0,0,0,0,0,0,0,0,0,0,0,0,0,0,0,0,0,0,0,0,0,0,0,0,0,0,0,0,0,0,0,0,0,0,0,0,0,0,0,0,0,0,0,0,0,0,0,0,0,0,620601,621207,621810,622159,622781,623000
Mongolia,MNG,"Population, total",SP.POP.TOTL,0,0,0,0,0,0,0,0,0,0,0,0,0,0,0,0,0,0,0,0,0,0,0,0,0,0,0,0,0,0,0,0,0,0,0,0,0,0,0,0,0,0,0,0,0,0,0,0,1,1,1,1,2814226,2869107,2923896,2976877,3027398,3076000
Northern Mariana Islands,MNP,"Population, total",SP.POP.TOTL,0,0,0,0,0,0,0,0,0,0,0,0,0,0,0,0,0,0,0,0,0,0,0,0,0,0,0,0,0,0,0,0,0,0,0,0,0,0,0,0,0,0,0,0,0,0,0,0,0,0,0,0,53718,54036,54468,54816,55023,55000
Mozambique,MOZ,"Population, total",SP.POP.TOTL,0,0,0,0,0,0,0,0,0,0,0,0,0,0,0,0,0,0,0,0,0,0,0,0,0,0,0,0,0,0,0,0,0,0,0,0,0,0,0,0,0,0,0,0,0,0,0,0,0,0,0,0,25676606,26434372,27212382,28010691,28829476,29669000
Mauritania,MRT,"Population, total",SP.POP.TOTL,0,0,0,0,0,0,0,0,0,0,0,0,0,0,0,0,0,0,0,0,0,0,0,0,0,0,0,0,0,0,0,0,0,0,0,0,0,0,0,0,0,0,0,0,0,0,0,0,0,0,0,0,3830239,3946170,4063920,4182341,4301018,4420000
Mauritius,MUS,"Population, total",SP.POP.TOTL,0,0,0,0,0,0,0,0,0,0,0,0,0,0,0,0,0,0,0,0,0,0,0,0,0,0,0,0,0,0,0,0,0,0,0,0,0,0,0,0,0,0,0,0,0,0,0,0,0,0,0,0,1255882,1258653,1260934,1262605,1263473,1267000
Malawi,MWI,"Population, total",SP.POP.TOTL,0,0,0,0,0,0,0,0,0,0,0,0,0,0,0,0,0,0,0,0,0,0,0,0,0,0,0,0,0,0,0,0,0,0,0,0,0,0,0,0,0,0,0,0,0,0,0,0,0,0,0,0,16097305,16577147,17068838,17573607,18091575,18622000
Malaysia,MYS,"Population, total",SP.POP.TOTL,0,0,0,3,4,4,4,7,8,8,8,8,8,10,12,12,12,16,16,18,18,18,19,19,22,22,22,22,22,22,22,22,22,22,22,22,23,23,25,29,29,36,50,50,83,93,99,117,129,149,149,197,29170456,29706724,30228017,30723155,31187265,31624000
North America,NAC,"Population, total",SP.POP.TOTL,0,0,0,0,0,0,0,0,0,0,0,0,0,0,0,0,0,0,0,0,0,0,0,0,0,0,0,0,0,0,0,0,0,0,0,0,0,0,0,0,0,0,0,0,0,0,0,0,0,0,0,0,348813722,351425360,354173159,356810463,359479269,362137000
Namibia,NAM,"Population, total",SP.POP.TOTL,0,0,0,0,0,0,0,0,0,0,0,0,0,0,0,0,0,0,0,0,0,0,0,0,0,0,0,0,0,0,0,0,0,0,0,0,0,0,0,0,0,0,0,0,0,0,0,0,0,0,0,0,2263934,2316520,2370992,2425561,2479713,2534000
New Caledonia,NCL,"Population, total",SP.POP.TOTL,0,0,0,0,0,0,0,0,0,0,0,0,0,0,0,0,0,0,0,0,0,0,0,0,0,0,0,0,0,0,0,0,0,0,0,0,0,0,0,0,0,0,0,0,0,0,0,0,0,0,0,0,259000,263000,268000,273000,278000,281000
Niger,NER,"Population, total",SP.POP.TOTL,0,0,0,0,0,0,0,0,0,0,0,0,0,0,0,0,0,0,0,0,0,0,0,0,0,0,0,0,0,0,0,0,0,0,0,0,0,0,0,0,0,0,0,0,0,0,0,0,0,0,0,0,17731634,18426372,19148219,19896965,20672987,21477000
Nigeria,NGA,"Population, total",SP.POP.TOTL,0,0,0,0,0,0,0,0,0,0,0,0,0,0,0,0,0,0,0,0,0,0,0,0,0,0,0,0,0,0,0,0,0,0,0,0,0,1,1,1,1,1,1,1,1,1,1,2,2,2,2,2,167297284,171829303,176460502,181181744,185989640,190886000
Nicaragua,NIC,"Population, total",SP.POP.TOTL,0,0,0,0,0,0,0,0,0,0,0,0,0,0,0,0,0,0,0,0,0,0,0,0,0,0,0,0,0,0,0,0,0,0,0,0,0,0,0,0,0,0,0,0,0,0,0,0,0,0,0,0,5877108,5945747,6013997,6082035,6149928,6218000
Netherlands,NLD,"Population, total",SP.POP.TOTL,0,0,0,0,0,0,0,0,0,0,0,0,0,0,0,0,0,0,0,0,0,0,0,0,0,0,0,0,0,0,0,0,0,0,0,0,1,1,6,10,18,24,38,82,128,188,265,321,382,503,503,804,16754962,16804432,16865008,16939923,17018408,17073000
Norway,NOR,"Population, total",SP.POP.TOTL,0,0,0,0,0,0,0,0,0,0,0,0,0,0,0,0,0,0,0,0,0,0,0,0,0,0,0,0,0,0,0,0,0,0,0,1,1,6,15,19,25,32,56,87,108,147,176,205,400,598,702,996,5018573,5079623,5137232,5188607,5232929,5289000
Nepal,NPL,"Population, total",SP.POP.TOTL,0,0,0,1,1,1,1,1,1,1,1,1,1,1,1,1,1,1,1,1,1,1,1,1,1,1,1,1,1,1,1,1,1,1,1,1,1,1,1,1,1,1,1,1,1,1,1,1,1,1,1,1,27649925,27985310,28323241,28656282,28982771,29305000
Nauru,NRU,"Population, total",SP.POP.TOTL,0,0,0,0,0,0,0,0,0,0,0,0,0,0,0,0,0,0,0,0,0,0,0,0,0,0,0,0,0,0,0,0,0,0,0,0,0,0,0,0,0,0,0,0,0,0,0,0,0,0,0,0,10279,10821,11853,12475,13049,13000
New Zealand,NZL,"Population, total",SP.POP.TOTL,0,0,0,0,0,0,0,0,0,0,0,0,0,0,0,0,0,0,0,0,0,0,0,0,0,0,0,0,0,0,0,0,0,0,0,0,0,1,1,1,1,1,3,3,4,5,5,5,5,5,5,5,4408100,4442100,4509700,4595700,4692700,4736000
OECD members,OED,"Population, total",SP.POP.TOTL,0,0,0,0,0,0,0,0,0,0,0,0,0,0,0,0,0,0,0,0,0,0,0,0,0,0,0,0,0,0,0,0,0,0,0,0,0,0,0,0,0,0,0,0,0,0,0,0,0,0,0,0,1256599264,1264695223,1273109967,1281401703,1289937319,1296810000
Oman,OMN,"Population, total",SP.POP.TOTL,0,0,0,0,0,0,0,0,0,0,0,0,0,0,0,0,0,0,0,0,0,0,0,0,0,0,0,0,0,0,0,0,0,2,2,4,4,4,6,6,6,12,15,16,16,16,16,16,18,18,18,19,3464644,3711481,3960925,4199810,4424762,4636000
Other small states,OSS,"Population, total",SP.POP.TOTL,0,0,0,0,0,0,0,0,0,0,0,0,0,0,0,0,0,0,0,0,0,0,0,0,0,0,0,0,0,0,0,0,0,0,0,0,0,0,0,0,0,0,0,0,0,0,0,0,0,0,0,0,27527819,28146089,28759578,29374084,29983809,30577000
Pakistan,PAK,"Population, total",SP.POP.TOTL,0,0,0,0,0,0,0,0,0,0,0,0,0,0,0,0,0,0,0,0,0,0,0,0,0,0,0,0,0,0,0,0,0,0,0,2,2,2,4,4,4,5,5,5,6,6,6,6,16,19,20,28,177911533,181712595,185546257,189380513,193203476,197016000
Panama,PAN,"Population, total",SP.POP.TOTL,0,0,0,0,0,0,0,0,0,0,0,0,0,0,0,0,0,0,0,0,0,0,0,0,0,0,0,0,0,0,0,0,0,0,0,0,0,0,0,0,0,0,0,0,0,0,0,0,1,8,11,27,3772938,3838462,3903986,3969249,4034119,4099000
Peru,PER,"Population, total",SP.POP.TOTL,0,0,0,0,0,0,0,0,0,0,0,0,0,0,0,0,0,0,0,0,0,0,0,0,0,0,0,0,0,0,0,0,0,0,0,0,0,0,0,0,0,0,0,0,1,1,6,7,11,11,15,28,30158966,30565716,30973354,31376671,31773839,32165000
Philippines,PHL,"Population, total",SP.POP.TOTL,0,0,0,0,0,0,0,0,1,1,1,2,2,2,2,2,3,3,3,3,3,3,3,3,3,3,3,3,3,3,3,3,3,3,3,3,3,3,3,3,3,3,3,3,5,6,10,20,33,49,52,64,96866642,98481032,100102249,101716359,103320222,104918000
Palau,PLW,"Population, total",SP.POP.TOTL,0,0,0,0,0,0,0,0,0,0,0,0,0,0,0,0,0,0,0,0,0,0,0,0,0,0,0,0,0,0,0,0,0,0,0,0,0,0,0,0,0,0,0,0,0,0,0,0,0,0,0,0,20758,20920,21094,21288,21503,22000
Papua New Guinea,PNG,"Population, total",SP.POP.TOTL,0,0,0,0,0,0,0,0,0,0,0,0,0,0,0,0,0,0,0,0,0,0,0,0,0,0,0,0,0,0,0,0,0,0,0,0,0,0,0,0,0,0,0,0,0,0,0,0,0,0,0,0,7430836,7592865,7755785,7919825,8084991,8251000
Poland,POL,"Population, total",SP.POP.TOTL,0,0,0,0,0,0,0,0,0,0,0,0,0,0,0,0,0,0,0,0,0,0,0,0,0,0,0,0,0,0,0,0,0,0,0,0,0,0,0,0,0,0,1,1,5,5,11,16,22,31,49,68,38063164,38040196,38011735,37986412,37948016,37908000
Pre-demographic dividend,PRE,"Population, total",SP.POP.TOTL,0,0,0,0,0,0,0,0,0,0,0,0,0,0,0,0,0,0,0,0,0,0,0,0,0,0,0,0,0,0,0,0,0,0,0,0,0,0,0,0,0,0,0,0,0,0,0,0,0,0,0,0,783505835,806705375,830442736,854646007,879292453,904401000
Puerto Rico,PRI,"Population, total",SP.POP.TOTL,0,0,0,0,0,0,0,0,0,0,0,0,0,0,0,0,0,0,0,0,0,0,0,0,0,0,0,0,0,0,0,0,0,0,0,0,0,0,0,0,0,0,0,0,0,0,0,0,0,0,0,0,3634488,3593077,3534874,3473181,3411307,3410000
"Korea, Dem. PeopleÂ’s Rep.",PRK,"Population, total",SP.POP.TOTL,0,0,0,0,0,0,0,0,0,0,0,0,0,0,0,0,0,0,0,0,0,0,0,0,0,0,0,0,0,0,0,0,0,0,0,0,0,0,0,0,0,0,0,0,0,0,0,0,0,0,0,0,24854034,24985976,25116363,25243917,25368620,25491000
Portugal,PRT,"Population, total",SP.POP.TOTL,0,0,0,0,0,0,0,0,0,0,0,0,0,0,0,0,0,0,0,0,0,0,0,0,0,0,0,0,0,0,0,0,0,0,0,0,0,0,0,0,2,2,5,8,13,20,30,30,41,59,59,112,10514844,10457295,10401062,10358076,10324611,10286000
Paraguay,PRY,"Population, total",SP.POP.TOTL,0,0,0,0,0,0,0,0,0,0,0,0,0,0,0,0,0,0,0,0,0,0,0,0,0,0,0,0,0,0,0,0,0,0,0,0,0,0,0,0,0,0,0,0,0,0,1,1,1,5,5,6,6379219,6465740,6552584,6639119,6725308,6811000
West Bank and Gaza,PSE,"Population, total",SP.POP.TOTL,0,0,0,0,0,0,0,0,0,0,0,0,0,0,0,0,0,0,0,0,0,0,0,0,0,0,0,0,0,0,0,0,0,0,0,0,0,0,0,0,0,0,0,0,0,0,0,0,0,0,0,0,4046901,4169506,4294682,4422143,4551566,4674000
Pacific island small states,PSS,"Population, total",SP.POP.TOTL,0,0,0,0,0,0,0,0,0,0,0,0,0,0,0,0,0,0,0,0,0,0,0,0,0,0,0,0,0,0,0,0,0,0,0,0,0,0,0,0,0,0,0,0,0,0,0,0,0,0,0,0,2271298,2300045,2329458,2358955,2388875,2418000
Post-demographic dividend,PST,"Population, total",SP.POP.TOTL,0,0,0,0,0,0,0,0,0,0,0,0,0,0,0,0,0,0,0,0,0,0,0,0,0,0,0,0,0,0,0,0,0,0,0,0,0,0,0,0,0,0,0,0,0,0,0,0,0,0,0,0,1082722218,1087560614,1092601669,1097570905,1102730983,1106289000
French Polynesia,PYF,"Population, total",SP.POP.TOTL,0,0,0,0,0,0,0,0,0,0,0,0,0,0,0,0,0,0,0,0,0,0,0,0,0,0,0,0,0,0,0,0,0,0,0,0,0,0,0,0,0,0,0,0,0,0,0,0,0,0,0,0,271703,273528,275484,277690,280208,283000
Qatar,QAT,"Population, total",SP.POP.TOTL,0,0,0,0,0,0,0,0,0,0,0,0,0,0,0,0,0,0,0,0,0,0,0,0,0,0,0,0,0,0,0,0,0,0,0,0,0,0,1,3,3,7,8,8,8,8,15,18,24,262,262,320,2109568,2250473,2374419,2481539,2569804,2639000
Romania,ROU,"Population, total",SP.POP.TOTL,0,0,0,0,0,0,0,0,0,0,0,0,0,0,0,0,0,0,0,0,0,0,0,0,0,0,0,0,0,0,0,0,0,0,0,1,1,3,3,3,3,3,4,6,9,9,15,15,25,45,49,89,20058035,19983693,19908979,19815481,19705301,19586000
Russian Federation,RUS,"Population, total",SP.POP.TOTL,0,0,0,0,0,0,0,0,0,2,2,2,2,2,2,2,2,2,2,2,2,2,2,2,2,2,2,2,2,2,2,2,2,2,2,2,2,2,2,2,3,3,3,4,13,13,17,17,20,20,28,45,143201676,143506911,143819666,144096870,144342396,144231000
Rwanda,RWA,"Population, total",SP.POP.TOTL,0,0,0,0,0,0,0,0,0,0,0,0,0,0,0,0,0,0,0,0,0,0,0,0,0,0,0,0,0,0,0,0,0,0,0,0,0,0,0,0,0,0,0,0,0,0,0,0,0,0,0,0,10788853,11065151,11345357,11629553,11917508,12208000
South Asia,SAS,"Population, total",SP.POP.TOTL,0,0,0,0,0,0,0,0,0,0,0,0,0,0,0,0,0,0,0,0,0,0,0,0,0,0,0,0,0,0,0,0,0,0,0,0,0,0,0,0,0,0,0,0,0,0,0,0,0,0,0,0,1676614288,1699306053,1721840539,1744190704,1766383450,1788234000
Saudi Arabia,SAU,"Population, total",SP.POP.TOTL,0,0,0,0,0,0,0,0,0,0,0,0,0,0,0,0,0,0,0,0,0,0,0,0,0,0,0,0,0,0,0,0,0,0,0,0,0,0,0,0,1,1,1,5,5,5,11,15,20,21,45,86,29086357,29944476,30776722,31557144,32275687,32938000
Sudan,SDN,"Population, total",SP.POP.TOTL,0,0,0,0,0,0,0,0,0,0,0,0,0,0,0,0,0,0,0,0,0,0,0,0,0,0,0,0,0,0,0,0,0,0,0,0,0,0,0,0,0,0,0,0,0,0,0,0,0,0,0,1,35990192,36849918,37737913,38647803,39578828,40533000
Senegal,SEN,"Population, total",SP.POP.TOTL,0,0,0,0,0,0,0,0,0,0,0,0,0,0,0,0,0,0,0,0,0,0,0,0,0,0,0,0,0,0,0,0,0,0,0,0,0,0,0,0,1,2,4,4,4,4,4,4,4,4,4,10,13703513,14120320,14546111,14976994,15411614,15851000
Singapore,SGP,"Population, total",SP.POP.TOTL,0,1,3,3,4,5,7,7,10,13,16,18,18,24,28,28,30,33,40,45,47,50,58,67,72,75,77,81,84,84,85,85,89,89,91,93,93,93,102,106,108,110,110,117,130,138,150,150,160,178,178,200,5312437,5399162,5469724,5535002,5607283,5688000
Solomon Islands,SLB,"Population, total",SP.POP.TOTL,0,0,0,0,0,0,0,0,0,0,0,0,0,0,0,0,0,0,0,0,0,0,0,0,0,0,0,0,0,0,0,0,0,0,0,0,0,0,0,0,0,0,0,0,0,0,0,0,0,0,0,0,551531,563513,575504,587482,599419,611000
Sierra Leone,SLE,"Population, total",SP.POP.TOTL,0,0,0,0,0,0,0,0,0,0,0,0,0,0,0,0,0,0,0,0,0,0,0,0,0,0,0,0,0,0,0,0,0,0,0,0,0,0,0,0,0,0,0,0,0,0,0,0,0,0,0,0,6766103,6922079,7079162,7237025,7396190,7557000
El Salvador,SLV,"Population, total",SP.POP.TOTL,0,0,0,0,0,0,0,0,0,0,0,0,0,0,0,0,0,0,0,0,0,0,0,0,0,0,0,0,0,0,0,0,0,0,0,0,0,0,0,0,0,0,0,0,0,0,0,0,0,0,0,0,6221246,6250777,6281189,6312478,6344722,6378000
San Marino,SMR,"Population, total",SP.POP.TOTL,0,0,0,0,0,0,0,0,0,0,0,0,0,0,0,0,0,0,0,0,0,0,0,0,0,0,0,0,0,0,0,0,0,0,0,0,1,1,1,1,8,10,16,21,21,23,36,36,51,62,69,80,31914,32303,32657,32960,33203,33000
Somalia,SOM,"Population, total",SP.POP.TOTL,0,0,0,0,0,0,0,0,0,0,0,0,0,0,0,0,0,0,0,0,0,0,0,0,0,0,0,0,0,0,0,0,0,0,0,0,0,0,0,0,0,0,0,0,0,0,0,0,0,0,0,0,12763776,13132349,13513125,13908129,14317996,14743000
Serbia,SRB,"Population, total",SP.POP.TOTL,0,0,0,0,0,0,0,0,0,0,0,0,0,0,0,0,0,0,0,0,0,0,0,0,0,0,0,0,0,0,0,0,0,0,0,0,0,0,0,0,0,0,0,0,1,1,1,1,5,12,19,35,7199077,7164132,7130576,7095383,7057412,7031000
Sub-Saharan Africa (excluding high income),SSA,"Population, total",SP.POP.TOTL,0,0,0,0,0,0,0,0,0,0,0,0,0,0,0,0,0,0,0,0,0,0,0,0,0,0,0,0,0,0,0,0,0,0,0,0,0,0,0,0,0,0,0,0,0,0,0,0,0,0,0,0,926459874.1,952188682.6,978533722.7,1005477382,1033011458,1060936000
South Sudan,SSD,"Population, total",SP.POP.TOTL,0,0,0,0,0,0,0,0,0,0,0,0,0,0,0,0,0,0,0,0,0,0,0,0,0,0,0,0,0,0,0,0,0,0,0,0,0,0,0,0,0,0,0,0,0,0,0,0,0,0,0,0,10818258,11177490,11530971,11882136,12230730,12576000
Sub-Saharan Africa,SSF,"Population, total",SP.POP.TOTL,0,0,0,0,0,0,0,0,0,0,0,0,0,0,0,0,0,0,0,0,0,0,0,0,0,0,0,0,0,0,0,0,0,0,0,0,0,0,0,0,0,0,0,0,0,0,0,0,0,0,0,0,926548177.1,952278631.6,978625081.7,1005570801,1033106135,1061031000
Small states,SST,"Population, total",SP.POP.TOTL,0,0,0,0,0,0,0,0,0,0,0,0,0,0,0,0,0,0,0,0,0,0,0,0,0,0,0,0,0,0,0,0,0,0,0,0,0,0,0,0,0,0,0,0,0,0,0,0,0,0,0,0,36873246,37565022,38251715,38937987,39618156,40279000
Sao Tome and Principe,STP,"Population, total",SP.POP.TOTL,0,0,0,0,0,0,0,0,0,0,0,0,0,0,0,0,0,0,0,0,0,0,0,0,0,0,0,0,0,0,0,0,0,0,0,0,0,0,0,0,0,0,0,0,0,0,0,0,0,0,0,0,182889,187045,191266,195553,199910,204000
Suriname,SUR,"Population, total",SP.POP.TOTL,0,0,0,0,0,0,0,0,0,0,0,0,0,0,0,0,0,0,0,0,0,0,0,0,0,0,0,0,0,0,0,0,0,0,0,0,0,0,0,0,0,0,0,0,0,0,0,0,0,0,0,0,537077,542540,547928,553208,558368,563000
Slovak Republic,SVK,"Population, total",SP.POP.TOTL,0,0,0,0,0,0,0,0,0,0,0,0,0,0,0,0,0,0,0,0,0,0,0,0,0,0,0,0,0,0,0,0,0,0,0,0,0,0,0,0,0,0,0,0,1,1,3,3,7,10,16,32,5407579,5413393,5418649,5423801,5428704,5431000
Slovenia,SVN,"Population, total",SP.POP.TOTL,0,0,0,0,0,0,0,0,0,0,0,0,0,0,0,0,0,0,0,0,0,0,0,0,0,0,0,0,0,0,0,0,0,0,0,0,0,0,0,0,0,0,0,2,7,7,16,16,31,57,89,141,2057159,2059953,2061980,2063531,2064845,2066000
Sweden,SWE,"Population, total",SP.POP.TOTL,0,0,0,0,0,0,0,0,0,1,1,1,1,1,1,1,1,1,1,1,1,1,1,1,1,1,1,1,1,1,1,1,1,1,1,2,7,7,12,14,15,21,35,94,101,161,203,248,355,500,599,814,9519374,9600379,9696110,9799186,9903122,9971000
Swaziland,SWZ,"Population, total",SP.POP.TOTL,0,0,0,0,0,0,0,0,0,0,0,0,0,0,0,0,0,0,0,0,0,0,0,0,0,0,0,0,0,0,0,0,0,0,0,0,0,0,0,0,0,0,0,0,0,0,0,0,0,0,0,0,1248158,1271456,1295097,1319011,1343098,1367000
Sint Maarten (Dutch part),SXM,"Population, total",SP.POP.TOTL,0,0,0,0,0,0,0,0,0,0,0,0,0,0,0,0,0,0,0,0,0,0,0,0,0,0,0,0,0,0,0,0,0,0,0,0,0,0,0,0,0,0,0,0,0,0,0,0,0,0,0,0,34640,36607,37685,38824,40005,
Seychelles,SYC,"Population, total",SP.POP.TOTL,0,0,0,0,0,0,0,0,0,0,0,0,0,0,0,0,0,0,0,0,0,0,0,0,0,0,0,0,0,0,0,0,0,0,0,0,0,0,0,0,0,0,0,0,0,0,0,0,0,0,0,0,88303,89949,91359,93419,94677,95000
Syrian Arab Republic,SYR,"Population, total",SP.POP.TOTL,0,0,0,0,0,0,0,0,0,0,0,0,0,0,0,0,0,0,0,0,0,0,0,0,0,0,0,0,0,0,0,0,0,0,0,0,0,0,0,0,0,0,0,0,0,0,0,0,0,0,0,0,20420701,19809141,19203090,18734987,18430453,18270000
Turks and Caicos Islands,TCA,"Population, total",SP.POP.TOTL,0,0,0,0,0,0,0,0,0,0,0,0,0,0,0,0,0,0,0,0,0,0,0,0,0,0,0,0,0,0,0,0,0,0,0,0,0,0,0,0,0,0,0,0,0,0,0,0,0,0,0,0,32431,33108,33739,34339,34900,35000
Chad,TCD,"Population, total",SP.POP.TOTL,0,0,0,0,0,0,0,0,0,0,0,0,0,0,0,0,0,0,0,0,0,0,0,0,0,0,0,0,0,0,0,0,0,0,0,0,0,0,0,0,0,0,0,0,0,0,0,0,0,0,0,0,12705135,13133589,13569438,14009413,14452543,14900000
East Asia & Pacific (IDA & IBRD countries),TEA,"Population, total",SP.POP.TOTL,0,0,0,0,0,0,0,0,0,0,0,0,0,0,0,0,0,0,0,0,0,0,0,0,0,0,0,0,0,0,0,0,0,0,0,0,0,0,0,0,0,0,0,0,0,0,0,0,0,0,0,0,1968120178,1982414412,1996870376,2011274432,2026028438,2038479000
Europe & Central Asia (IDA & IBRD countries),TEC,"Population, total",SP.POP.TOTL,0,0,0,0,0,0,0,0,0,0,0,0,0,0,0,0,0,0,0,0,0,0,0,0,0,0,0,0,0,0,0,0,0,0,0,0,0,0,0,0,0,0,0,0,0,0,0,0,0,0,0,0,445769749,448166840,450522686,452962149,455372659,457060000
Togo,TGO,"Population, total",SP.POP.TOTL,0,0,0,0,0,0,0,0,0,0,0,0,0,0,0,0,0,0,0,0,0,0,0,0,0,0,0,0,0,0,0,0,0,0,0,0,0,0,0,0,0,0,0,0,1,1,1,1,1,1,1,1,6859482,7042948,7228915,7416802,7606374,7798000
Thailand,THA,"Population, total",SP.POP.TOTL,2,3,5,7,8,8,14,14,14,19,19,19,19,25,25,25,25,32,32,32,33,33,33,33,33,34,35,35,35,35,35,35,35,35,37,40,40,41,42,42,43,43,43,47,48,50,50,50,53,59,70,75,67843979,68143065,68416772,68657600,68863514,69038000
Tajikistan,TJK,"Population, total",SP.POP.TOTL,0,0,0,0,0,0,0,0,0,0,0,0,0,0,0,0,0,0,0,0,0,0,0,0,0,0,0,0,0,0,0,0,0,0,0,0,0,0,0,0,0,0,0,0,0,0,0,0,0,0,0,0,7995062,8177809,8362745,8548651,8734951,8921000
Turkmenistan,TKM,"Population, total",SP.POP.TOTL,0,0,0,0,0,0,0,0,0,0,0,0,0,0,0,0,0,0,0,0,0,0,0,0,0,0,0,0,0,0,0,0,0,0,0,0,0,0,0,0,0,0,0,0,0,0,0,0,0,0,0,0,5267839,5366277,5466241,5565284,5662544,5758000
Latin America & the Caribbean (IDA & IBRD countries),TLA,"Population, total",SP.POP.TOTL,0,0,0,0,0,0,0,0,0,0,0,0,0,0,0,0,0,0,0,0,0,0,0,0,0,0,0,0,0,0,0,0,0,0,0,0,0,0,0,0,0,0,0,0,0,0,0,0,0,0,0,0,594330743,601277206,608136047,614891969,621534921,628061000
Timor-Leste,TLS,"Population, total",SP.POP.TOTL,0,0,0,0,0,0,0,0,0,0,0,0,0,0,0,0,0,0,0,0,0,0,0,0,0,0,0,0,0,0,0,0,0,0,0,0,0,0,0,0,0,0,0,0,0,0,0,0,0,0,0,0,1156760,1184366,1212814,1240977,1268671,1296000
Middle East & North Africa (IDA & IBRD countries),TMN,"Population, total",SP.POP.TOTL,0,0,0,0,0,0,0,0,0,0,0,0,0,0,0,0,0,0,0,0,0,0,0,0,0,0,0,0,0,0,0,0,0,0,0,0,0,0,0,0,0,0,0,0,0,0,0,0,0,0,0,0,344148796,350471538,356783315,363027163,369167489,375217000
Tonga,TON,"Population, total",SP.POP.TOTL,0,0,0,0,0,0,0,0,0,0,0,0,0,0,0,0,0,0,0,0,0,0,0,0,0,0,0,0,0,0,0,0,0,0,0,0,0,0,0,0,0,0,0,0,0,0,0,0,0,0,0,0,104951,105328,105782,106364,107122,108000
South Asia (IDA & IBRD),TSA,"Population, total",SP.POP.TOTL,0,0,0,0,0,0,0,0,0,0,0,0,0,0,0,0,0,0,0,0,0,0,0,0,0,0,0,0,0,0,0,0,0,0,0,0,0,0,0,0,0,0,0,0,0,0,0,0,0,0,0,0,1676614288,1699306053,1721840539,1744190704,1766383450,1788234000
Sub-Saharan Africa (IDA & IBRD countries),TSS,"Population, total",SP.POP.TOTL,0,0,0,0,0,0,0,0,0,0,0,0,0,0,0,0,0,0,0,0,0,0,0,0,0,0,0,0,0,0,0,0,0,0,0,0,0,0,0,0,0,0,0,0,0,0,0,0,0,0,0,0,926548177.1,952278631.6,978625081.7,1005570801,1033106135,1061031000
Trinidad and Tobago,TTO,"Population, total",SP.POP.TOTL,0,0,0,0,0,0,0,0,0,0,0,0,0,0,0,0,0,0,0,0,0,0,0,0,0,0,0,0,0,0,0,0,0,0,0,0,0,0,0,0,0,0,0,0,0,0,0,0,0,0,0,0,1341588,1348248,1354493,1360092,1364962,1369000
Tunisia,TUN,"Population, total",SP.POP.TOTL,0,0,0,0,0,0,0,0,0,0,0,0,0,0,0,0,0,0,0,0,0,0,0,0,0,0,0,0,0,0,0,0,0,0,0,0,0,0,0,0,0,0,1,1,1,1,2,2,5,7,7,16,10886668,11014558,11143908,11273661,11403248,11532000
Turkey,TUR,"Population, total",SP.POP.TOTL,0,0,0,0,0,0,0,0,0,0,0,0,0,0,0,0,0,0,0,0,0,0,0,0,0,0,0,0,0,0,0,0,0,0,0,0,0,0,0,0,0,0,0,0,0,0,0,0,0,1,1,5,74569867,75787333,77030628,78271472,79512426,80745000
Tuvalu,TUV,"Population, total",SP.POP.TOTL,0,0,0,0,0,0,0,0,0,0,0,0,0,0,0,0,0,0,0,0,0,0,0,0,0,0,0,0,0,0,0,0,0,0,0,0,0,0,0,0,0,0,0,0,0,0,0,0,0,0,0,0,10725,10819,10908,11001,11097,11000
Tanzania,TZA,"Population, total",SP.POP.TOTL,0,0,0,0,0,0,0,0,0,0,0,0,0,0,0,0,0,0,0,0,0,0,0,0,0,0,0,0,0,0,0,0,0,0,0,0,0,0,0,0,0,0,0,0,0,0,0,0,0,0,0,0,49082997,50636595,52234869,53879957,55572201,57310000
Uganda,UGA,"Population, total",SP.POP.TOTL,0,0,0,0,0,0,0,0,0,0,0,0,0,0,0,0,0,0,0,0,0,0,0,0,0,0,0,0,0,0,0,0,0,0,0,0,0,0,0,0,0,0,0,0,0,0,0,0,0,0,0,0,36306796,37553726,38833338,40144870,41487965,42863000
Ukraine,UKR,"Population, total",SP.POP.TOTL,0,0,0,0,0,0,0,0,0,0,0,0,0,0,0,0,0,0,0,0,0,0,0,0,0,0,0,0,0,0,0,0,0,0,0,0,0,0,0,0,0,1,1,1,1,1,1,1,1,1,1,3,45593300,45489600,45271947,45154029,45004645,44776000
Upper middle income,UMC,"Population, total",SP.POP.TOTL,0,0,0,0,0,0,0,0,0,0,0,0,0,0,0,0,0,0,0,0,0,0,0,0,0,0,0,0,0,0,0,0,0,0,0,0,0,0,0,0,0,0,0,0,0,0,0,0,0,0,0,0,2501989805,2521454987,2541065425,2560411826,2579909675,2596364000
Uruguay,URY,"Population, total",SP.POP.TOTL,0,0,0,0,0,0,0,0,0,0,0,0,0,0,0,0,0,0,0,0,0,0,0,0,0,0,0,0,0,0,0,0,0,0,0,0,0,0,0,0,0,0,0,0,0,0,0,0,0,0,0,0,3396777,3408005,3419546,3431552,3444006,3457000
United States,USA,"Population, total",SP.POP.TOTL,1,1,2,2,5,5,5,5,5,7,8,8,11,11,11,11,11,11,11,11,12,12,13,13,13,13,13,13,13,13,15,15,15,51,51,57,58,60,68,74,98,118,149,217,262,402,518,583,959,1281,1663,2179,313998379,316204908,318563456,320896618,323127513,325524000
Uzbekistan,UZB,"Population, total",SP.POP.TOTL,0,0,0,0,0,0,0,0,0,0,0,0,0,0,0,0,0,0,0,0,0,0,0,0,0,0,0,0,0,0,0,0,0,0,0,0,0,0,0,0,0,0,0,0,0,0,0,0,0,0,0,0,29774500,30243200,30757700,31298900,31848200,32262000
St. Vincent and the Grenadines,VCT,"Population, total",SP.POP.TOTL,0,0,0,0,0,0,0,0,0,0,0,0,0,0,0,0,0,0,0,0,0,0,0,0,0,0,0,0,0,0,0,0,0,0,0,0,0,0,0,0,0,0,0,0,0,0,0,0,0,0,0,0,109328,109320,109357,109455,109643,110000
"Venezuela, RB",VEN,"Population, total",SP.POP.TOTL,0,0,0,0,0,0,0,0,0,0,0,0,0,0,0,0,0,0,0,0,0,0,0,0,0,0,0,0,0,0,0,0,0,0,0,0,0,0,0,0,0,0,0,0,0,0,0,0,0,0,0,0,29893080,30317848,30738378,31155134,31568179,31977000
British Virgin Islands,VGB,"Population, total",SP.POP.TOTL,0,0,0,0,0,0,0,0,0,0,0,0,0,0,0,0,0,0,0,0,0,0,0,0,0,0,0,0,0,0,0,0,0,0,0,0,0,0,0,0,0,0,0,0,0,0,0,0,0,0,0,0,28509,29056,29588,30113,30661,31000
Virgin Islands (U.S.),VIR,"Population, total",SP.POP.TOTL,0,0,0,0,0,0,0,0,0,0,0,0,0,0,0,0,0,0,0,0,0,0,0,0,0,0,0,0,0,0,0,0,0,0,0,0,0,0,0,0,0,0,0,0,0,0,0,0,0,0,0,0,105275,104737,104170,103574,102951,103000
Vietnam,VNM,"Population, total",SP.POP.TOTL,0,2,2,2,2,2,2,2,2,2,6,6,8,8,8,10,10,13,13,14,15,15,16,16,16,16,16,16,16,16,16,16,16,16,16,16,16,16,16,16,16,16,16,16,16,18,30,30,31,38,39,47,88809200,89759500,90728900,91713300,92701100,93652000
Vanuatu,VUT,"Population, total",SP.POP.TOTL,0,0,0,0,0,0,0,0,0,0,0,0,0,0,0,0,0,0,0,0,0,0,0,0,0,0,0,0,0,0,0,0,0,0,0,0,0,0,0,0,0,0,0,0,0,0,0,0,0,0,0,0,247485,253142,258850,264603,270402,276000
World,WLD,"Population, total",SP.POP.TOTL,0,0,0,0,0,0,0,0,0,0,0,0,0,0,0,0,0,0,0,0,0,0,0,0,0,0,0,0,0,0,0,0,0,0,0,0,0,0,0,0,0,0,0,0,0,0,0,0,0,0,0,0,7097400665,7182860115,7268986176,7355220412,7442135578,7523997000
Samoa,WSM,"Population, total",SP.POP.TOTL,0,0,0,0,0,0,0,0,0,0,0,0,0,0,0,0,0,0,0,0,0,0,0,0,0,0,0,0,0,0,0,0,0,0,0,0,0,0,0,0,0,0,0,0,0,0,0,0,0,0,0,0,189194,190757,192290,193759,195125,196000
Kosovo,XKX,"Population, total",SP.POP.TOTL,0,0,0,0,0,0,0,0,0,0,0,0,0,0,0,0,0,0,0,0,0,0,0,0,0,0,0,0,0,0,0,0,0,0,0,0,0,0,0,0,0,0,0,0,0,0,0,0,0,0,0,0,1805200,1824100,1821800,1801800,1816200,1814000
"Yemen, Rep.",YEM,"Population, total",SP.POP.TOTL,0,0,0,0,0,0,0,0,0,0,0,0,0,0,0,0,0,0,0,0,0,0,0,0,0,0,0,0,0,0,0,0,0,0,0,0,0,0,0,0,0,0,0,0,0,0,0,0,0,0,0,0,24909969,25576322,26246327,26916207,27584213,28250000
South Africa,ZAF,"Population, total",SP.POP.TOTL,0,0,0,0,0,0,0,0,0,0,0,0,0,0,0,0,0,0,0,0,0,0,0,0,0,0,0,0,0,0,0,0,0,0,0,0,0,0,0,0,0,0,0,1,1,1,3,3,7,13,17,24,52506515.08,53311955.61,54146734.74,55011976.68,55908865,56639000
Zambia,ZMB,"Population, total",SP.POP.TOTL,0,0,0,0,0,0,0,0,0,0,0,0,0,0,0,0,0,0,0,0,0,0,0,0,0,0,0,0,0,0,0,0,0,0,0,0,0,0,0,0,0,0,0,0,0,0,0,0,0,0,0,0,14699937,15153210,15620974,16100587,16591390,17094000
Zimbabwe,ZWE,"Population, total",SP.POP.TOTL,0,0,0,0,0,0,0,0,0,0,0,0,0,0,0,0,0,0,0,0,0,0,0,0,0,0,0,0,0,0,0,0,0,0,0,0,0,0,0,0,0,0,0,0,0,0,0,0,0,0,0,0,14710826,15054506,15411675,15777451,16150362,16530000
